{
    "playerName": "",
    "levelNumber": 1,
    "numberOfTrials": 1,
    "codeAndSolveTime": 1.2366275787353516,
    "totalCodeAndSolveTime": 1.4036591053009034,
    "totalDrawingTime": 0.9163408279418945,
    "completed": true
}