{
    "playerName": "",
    "levelNumber": 5,
    "numberOfTrials": 3,
    "codeAndSolveTime": 2.8034238815307619,
    "totalCodeAndSolveTime": 5.919767379760742,
    "totalDrawingTime": 1.8453483581542969,
    "completed": true
}