{
    "playerName": "",
    "levelNumber": 7,
    "numberOfTrials": 1,
    "codeAndSolveTime": 2.1818084716796877,
    "totalCodeAndSolveTime": 2.94097900390625,
    "totalDrawingTime": 0.203460693359375,
    "completed": true
}