{
    "playerName": "",
    "levelNumber": 3,
    "numberOfTrials": 17,
    "codeAndSolveTime": 5.3384623527526859,
    "totalCodeAndSolveTime": 118.69241333007813,
    "totalDrawingTime": 10.947586059570313,
    "completed": true
}