{
    "playerName": "",
    "levelNumber": 3,
    "numberOfTrials": 9,
    "codeAndSolveTime": 2.0039710998535158,
    "totalCodeAndSolveTime": 10.754867553710938,
    "totalDrawingTime": 5.246179580688477,
    "completed": true
}