{
    "playerName": "",
    "levelNumber": 4,
    "numberOfTrials": 1,
    "codeAndSolveTime": 3.2474822998046877,
    "totalCodeAndSolveTime": 3.756011962890625,
    "totalDrawingTime": 0.304107666015625,
    "completed": true
}