{
    "playerName": "",
    "levelNumber": 8,
    "numberOfTrials": 21,
    "codeAndSolveTime": 3.5627593994140627,
    "totalCodeAndSolveTime": 95.76858520507813,
    "totalDrawingTime": 5.839141845703125,
    "completed": true
}