{
    "playerName": "",
    "levelNumber": 6,
    "numberOfTrials": 1,
    "codeAndSolveTime": 0.9969071745872498,
    "totalCodeAndSolveTime": 2.8528425693511965,
    "totalDrawingTime": 0.36715739965438845,
    "completed": true
}