{
    "playerName": "",
    "levelNumber": 6,
    "numberOfTrials": 3,
    "codeAndSolveTime": 3.9422333240509035,
    "totalCodeAndSolveTime": 7.996193885803223,
    "totalDrawingTime": 0.4438056945800781,
    "completed": true
}