{
    "playerName": "",
    "levelNumber": 3,
    "numberOfTrials": 1,
    "codeAndSolveTime": 1.3668596744537354,
    "totalCodeAndSolveTime": 1.9234716892242432,
    "totalDrawingTime": 1.2565908432006837,
    "completed": true
}