{
    "playerName": "",
    "levelNumber": 5,
    "numberOfTrials": 6,
    "codeAndSolveTime": 1.1132125854492188,
    "totalCodeAndSolveTime": 8.049957275390625,
    "totalDrawingTime": 3.6096839904785158,
    "completed": true
}