{
    "playerName": "",
    "levelNumber": 2,
    "numberOfTrials": 11,
    "codeAndSolveTime": 0.9218857288360596,
    "totalCodeAndSolveTime": 14.506965637207032,
    "totalDrawingTime": 1.873033881187439,
    "completed": true
}