{
    "playerName": "",
    "levelNumber": 5,
    "numberOfTrials": 2,
    "codeAndSolveTime": 1.9730377197265626,
    "totalCodeAndSolveTime": 6.154541015625,
    "totalDrawingTime": 2.093414306640625,
    "completed": true
}