{
    "playerName": "",
    "levelNumber": 4,
    "numberOfTrials": 3,
    "codeAndSolveTime": 1.3656959533691407,
    "totalCodeAndSolveTime": 5.056377410888672,
    "totalDrawingTime": 0.4630775451660156,
    "completed": true
}