{
    "playerName": "",
    "levelNumber": 1,
    "numberOfTrials": 6,
    "codeAndSolveTime": 8.394536972045899,
    "totalCodeAndSolveTime": 71.25662994384766,
    "totalDrawingTime": 1.1033658981323243,
    "completed": true
}