{
    "playerName": "",
    "levelNumber": 2,
    "numberOfTrials": 8,
    "codeAndSolveTime": 2.2033424377441408,
    "totalCodeAndSolveTime": 15.346510887145996,
    "totalDrawingTime": 2.831760883331299,
    "completed": true
}