{
    "playerName": "",
    "levelNumber": 8,
    "numberOfTrials": 24,
    "codeAndSolveTime": 4.459744453430176,
    "totalCodeAndSolveTime": 53.693695068359378,
    "totalDrawingTime": 9.957477569580079,
    "completed": true
}