{
    "playerName": "",
    "levelNumber": 4,
    "numberOfTrials": 1,
    "codeAndSolveTime": 1.2245073318481446,
    "totalCodeAndSolveTime": 1.6748456954956055,
    "totalDrawingTime": 0.4470701217651367,
    "completed": true
}