{
    "playerName": "",
    "levelNumber": 7,
    "numberOfTrials": 1,
    "codeAndSolveTime": 1.0092018842697144,
    "totalCodeAndSolveTime": 2.177319049835205,
    "totalDrawingTime": 0.28268110752105715,
    "completed": true
}