{
    "playerName": "",
    "levelNumber": 2,
    "numberOfTrials": 1,
    "codeAndSolveTime": 1.3995064496994019,
    "totalCodeAndSolveTime": 2.491427421569824,
    "totalDrawingTime": 0.8285726308822632,
    "completed": true
}